,Unnamed: 0,0
0,0,American-Pit-Bull-Mix
1,1,Pit-Bull-Mix
2,2,American-Pit-Bull-Terrier
3,3,Pit-Bull
4,4,Japanese-Chin
5,5,Spaniel
6,6,POODLE
7,7,BICHON
8,8,DACHSHUND
9,9,POMER
10,10,MALTESE
11,11,"POODLE,TOY"
12,12,Shepherd
13,13,Doberman-Mix
14,14,Basset
15,15,Beagle-Mix
16,16,HOUND
17,17,PIT-BULL
18,18,Chihuahua
19,19,Dachshund
20,20,TERR
21,21,SHEP
22,22,BEAGLE
23,23,BOXER-X
24,24,Terrier-Mix
25,25,Maltese
26,26,Shih-Tzu
27,27,miniature-poodle
28,28,cocker-spaniel
29,29,YORKIE
30,30,CHIHUAHUA
31,31,Westy
32,32,Yorkie
33,33,Cocker
34,34,Cavalier
35,35,Poodle-mix
36,36,Beagle
37,37,Dachsund
38,38,Bull-Dog
39,39,Sher-pei-Mixed
40,40,MALT
41,41,YORKSHIRE-TERRIER
42,42,Retriever-Mix
43,43,Havanese
44,44,CORGI
45,45,RETRIEVER-MIX
46,46,Husky
47,47,Collie-Mix
48,48,Lhasa-Apso
49,49,Shih-Tuz
50,50,Poodle
51,51,YELLOW-LABRADOR
52,52,Boxer
53,53,Terrier
54,54,Hound
55,55,Lhasa
56,56,Terri
57,57,Hound-Mix
58,58,SCHNAUZER
59,59,fox-terrier-mix
60,60,DACHSHAUN
61,61,LAB
62,62,CHOW-CHOW
63,63,shepherd
64,64,collie-mix
65,65,Collie
66,66,Retriever
67,67,Yorkshire
68,68,GOLDEN-RETR
69,69,CORGY-MIX
70,70,Tibetan-Terrier
71,71,Havanese-Mix
72,72,Cocker-Spaniel
73,73,Poodle-Mix
74,74,Staffordshire
75,75,Pit
76,76,IR-TERR
77,77,BAS-HOU
78,78,BICHON-F
79,79,T-PDLE
80,80,LHASA
81,81,Australian-Mix
82,82,SHIH-TZU
83,83,SPANIEL
84,84,Whippet
85,85,Shih-Tzu-Mix
86,86,YORKSHI
87,87,labrador-retriever
88,88,mix
89,89,Blue-Nose-Pit-Bull
90,90,RETRIEV-X
91,91,Chow-Chow
92,92,Bull-Terr.Mix
93,93,PITBULL
94,94,MASTIFF-MIX
95,95,FOX-TER
96,96,C.SPAN
97,97,YORKER
98,98,JACKRUSELL
99,99,CHIHUAHAUA-MIX
100,100,MIN-SCHNAUZER
101,101,MIN-POODLE
102,102,COLLIE
103,103,SHEP-MIX
104,104,SHIBA-INU--X
105,105,Cocker-Spaniel-Mix
106,106,Corgi-Mix
107,107,YORKY
108,108,Border-Collie
109,109,Heeler-Mix
110,110,Coonhound
111,111,Shepherd-Mix
112,112,HUSKY
113,113,KELPIE
114,114,JACK-RUSSELL--X
115,115,DOXIE
116,116,pomeranian-mix
117,117,Jack-Russell
118,118,Pug-Mix
119,119,Peke-A-Poo
120,120,Shih-Poo
121,121,English-Bull-Dog
122,122,Yorkshire-Terrier
123,123,CHIH
124,124,POO
125,125,Havenese
126,126,MIXED
127,127,AUSTRALIAN-TERRIER
128,128,German-shepherd
129,129,Corgi
130,130,Xoloitzcuintli
131,131,Basset-Hound
132,132,Jack-Russell-Terrier
133,133,Puggle
134,134,Labrador-X
135,135,Mixed
136,136,Dachshund-Mix
137,137,BORDER-COLLIE
138,138,AUSTRALIAN-SHEPHERD
139,139,Lab
140,140,Doberman
141,141,Fox
142,142,Sheltie
143,143,Unknown
144,144,Cross
145,145,terrier
146,146,SPANIEL-X
147,147,Labrador
148,148,Pekingese
149,149,hound
150,150,JACK-RUSSELL-MIX
151,151,chih
152,152,dach-mix
153,153,Bichon
154,154,Terrier-mix
155,155,pitbull
156,156,pointer
157,157,COCKER-SPANIEL-MIX
158,158,Malt
159,159,LABRADOR
160,160,FOX-TERR-MIX
161,161,Pointer
162,162,LHASA-APSO
163,163,BASENJI
164,164,TERR-X
165,165,TERRIER
166,166,CATTLE-DOG
167,167,Golden-Retriever
168,168,Labrador-Mix
169,169,WESTY---X
170,170,DACHSUND
171,171,MIX
172,172,GER
173,173,BOR-COLL-X
174,174,chihuahua
175,175,mini-pinscher
176,176,boxer
177,177,pit-mix
178,178,Maltese-
179,179,Poo
180,180,Miniature-Schnauzer
181,181,Silky-Terrier
182,182,Maltese-Mix
183,183,SHARPEI
184,184,PUGGLE
185,185,LABRADO
186,186,GREAT-D
187,187,SHEPHERD-MIX
188,188,beagle
189,189,DACHS
190,190,Germ-Shep
191,191,shep
192,192,doxie
193,193,shit-zu
194,194,poodle
195,195,Doxen
196,196,Petit-Basset-Griffon-Vendeen
197,197,CAIRN
198,198,yorkie
199,199,maltese
200,200,Pug
201,201,french-bulldog
202,202,pug
203,203,Beagle-X
204,204,Rottweiler
205,205,Chow-Mix
206,206,Pomeranian
207,207,SHIHTZ
208,208,POODLE-X
209,209,Fox-Terrier
210,210,DACH
211,211,CAV-KIN
212,212,German-Shepherd
213,213,?
214,214,SHIH-TZU-MIX
215,215,CHIHUA
216,216,TER
217,217,YORKI
218,218,golden-retreiver
219,219,great-prenees
220,220,Siberian-Husky
221,221,Coon-Hound
222,222,lab
223,223,border-collie-mix
224,224,ShihTzu
225,225,Shih-tzu
226,226,PUG
227,227,CHIHU
228,228,G.Shep
229,229,AUS-SHEPHERD
230,230,BORDER-COLLIE-MIX
231,231,Cavalier-King-Charles-mix
232,232,Catahoula-Leopard
233,233,Mix
234,234,Miniature-Poodle
235,235,Papillion
236,236,Pointer-Mix
237,237,Yorkie-Mix
238,238,dachshund
239,239,labrador
240,240,cattle-dog
241,241,min-pi-n
242,242,BICHON-FRISE-MIX
243,243,PUG-MIX
244,244,Schnauzer
245,245,JACK-RUSS-TERR
246,246,chihuahua-mix
247,247,Jack-Russel-Terrier--mix
248,248,Mastiff
249,249,SCHNZR-X
250,250,Rescued.-Beagle
251,251,shih-tzu
252,252,PERKINGESE
253,253,DASCHUND-MIX
254,254,Boston-Terrier
255,255,Coton-Detulear
256,256,POOD
257,257,CHI
258,258,DOXEN
259,259,Mini-Pinscher
260,260,Chihuahua-Mix
261,261,BOST-TERR
262,262,Basenji
263,263,whippet
264,264,HEELER
265,265,COLLIE-MIX
266,266,hunting-dog
267,267,rescue
268,268,Chow
269,269,AM-ESKIMO
270,270,Jack-Russell-mix
271,271,Italian
272,272,Sicilian-hound
273,273,Blue-Heeler
274,274,Schnauser
275,275,PRYNESE
276,276,LAB-X
277,277,GOLDEN-RETRIEVER
278,278,Mini-Aussie-Mix
279,279,Italian-Greyhound
280,280,BOSTON-TERR
281,281,MIN-BOXER
282,282,Retreiver
283,283,bichon-frise
284,284,Greyhound
285,285,JACKABEE
286,286,RUSS
287,287,Miniature-Pinscher
288,288,SHIH
289,289,YELLOW-LAB
290,290,PAPILLON
291,291,AMERICAN-ESKIMO
292,292,Corgy
293,293,DACH-MIX
294,294,boston-terrier
295,295,Golden-Retreiver
296,296,Rat-Terrier
297,297,Toy-Poodle-Mix
298,298,MALTESE-MIX
299,299,YORKIE-MIX
300,300,Labrador-Retriever
301,301,mix-corgi
302,302,lab.-retriever
303,303,BOXER
304,304,PITT
305,305,YORKSHIRE
306,306,POODL
307,307,Ridgeback
308,308,Shih-Tsu
309,309,Springer-Terrier-Mix
310,310,Chocolate-Labrador
311,311,Border-Collie-Mix
312,312,SHIBA-INU
313,313,GERM-SHEPHERD
314,314,Lab.
315,315,Maltes
316,316,WHEATON-TERRIER
317,317,KING-CHARLES-CHU-MIX
318,318,BEA
319,319,GOLD
320,320,BIUCHON
321,321,POODLE-MIX
322,322,TERR--X
323,323,Pompoo
324,324,PITBULL-MIXED-RED
325,325,BLUE-NOSE
326,326,Lab-Mix
327,327,CORGI-X
328,328,AUS-SHEP
329,329,DACHSHUN
330,330,spaniel
331,331,terrier?
332,332,WESTIE
333,333,maltese-mix
334,334,terrier-mix
335,335,Jack-Russ-Mix
336,336,YORKISHIRETERRIER
337,337,MALTESE-MORKIE
338,338,Fr.Bull-Dog
339,339,LAB-MIX
340,340,Jack-Russel
341,341,GERM-SHEPHERD-MIX
342,342,Bischon-Mix
343,343,Cav-King-Ch-Sp
344,344,Australian-Cattle-Dog
345,345,Bichon-Frise
346,346,Poodle-Terrier
347,347,Retriever-Mixed
348,348,YorkshireTerrier
349,349,GOLD-RETR
350,350,CHOW
351,351,Schanuzer
352,352,corgi
353,353,akita
354,354,poodle-mix
355,355,JAP-CHIN
356,356,Cavalier-King-Charles
357,357,JACK-RUSS
358,358,Jack-Russell-Mix
359,359,Chihuhahu
360,360,Dogo
361,361,Pitbull
362,362,Mini-Poodle-Mix
363,363,SHEPHERD-X
364,364,Miniature-Pinscher-Mix
365,365,Scott-Terr
366,366,SPANIEL-MIX
367,367,Bichon-Mix
368,368,shitzu
369,369,PIT
370,370,LAB---X
371,371,bichon
372,372,shihtzu
373,373,SHITZU
374,374,POM
375,375,Dalmation
376,376,Yorkie-Mix---Morkie
377,377,Pug--(Chug)
378,378,Shitzu
379,379,SHEPHERD
380,380,ROTTIX
381,381,SHARPEI-MIX
382,382,Akita-Crossbreed
383,383,Labrador-Retriever-Crossbreed
384,384,Dachshund-Smooth-Coat
385,385,"Bull-Dog,-French"
386,386,Dachshund-Smooth-Coat-Miniature
387,387,German-Shepherd-Dog
388,388,Cavalier-King-Charles-Spaniel
389,389,"Poodle,-Standard"
390,390,German-Shorthaired-Pointer
391,391,Bull-Terrier
392,392,"Dachshund,-Long-Haired"
393,393,"Schnauzer,-Miniature"
394,394,Norfolk-Terrier
395,395,"Collie,-Border"
396,396,"Poodle,-Miniature"
397,397,Kooikerhondje
398,398,"Bull-Dog,-English"
399,399,American-Eskimo-dog
400,400,"Collie,-Smooth-Coat"
401,401,French-Bulldog
402,402,"Poodle,-Toy"
403,403,Bulldog
404,404,Labradoodle
405,405,Shiba-Inu
406,406,"Dachshund,-Long-Haired-Miniature"
407,407,American-Staffordshire-Terrier
408,408,German-Shepherd-Crossbreed
409,409,Chinese-Crested
410,410,Anatolian-Shepherd-Dog
411,411,Manchester-Terrier
412,412,Border-Terrier
413,413,Vizsla
414,414,Beagle-Crossbreed
415,415,Australian-Cattledog
416,416,Weimaraner
417,417,Brussels-Griffon
418,418,Wire-Fox-Terrier
419,419,"Mastiff,-Bull"
420,420,German-Wirehaired-Pointer
421,421,Shetland-Sheepdog
422,422,English-Setter
423,423,"Welsh-Corgi,-Cardigan"
424,424,Rhodesian-Ridgeback
425,425,Papillon
426,426,Norwich-Terrier
427,427,Wheaton-Terrier
428,428,Dalmatian
429,429,Cane-Corso
430,430,Collie-Crossbreed
431,431,Belgian-Malinois
432,432,Toy-Fox-Terrier
433,433,Miniature-American-Shepherd
434,434,Standard-Schnauzer
435,435,Australian-Shepherd
436,436,Bassett-Hound
437,437,Brittany-Spaniel
438,438,Staffordshire-Bull-Terrier
439,439,"Schnauzer,-Standard"
440,440,American-English-Coonhound
441,441,Portuguese-Water-Dog
442,442,Doberman-Pinscher
443,443,Scottish-Terrier
444,444,Schipperkee
445,445,Great-Dane
446,446,Newfoundland
447,447,Bouvier-Des-Flandres
448,448,Bernese-Mountain-Dog
449,449,"Welsh-Corgi,-Pembroke"
450,450,"Shar-Pei,-Chinese"
451,451,English-Springer-Spaniel
452,452,Irish-Terrier
453,453,Cairn-Terrier
454,454,Tibetan-Spaniel
455,455,Portuguese-Podengo-Pequeno
456,456,Welsh-Terrier
457,457,Catahoula-Leopard-Dog
458,458,Bloodhound
459,459,Field-Spaniel
460,460,Australian-Kelpie
461,461,Parson-Russell-Terrier
462,462,West-High-White-Terrier
463,463,Cotton-De-Tulear
464,464,Australian-Terrier
465,465,"Mastiff,-Old-English"
466,466,Sealyham-Terrier
467,467,Old-English-Sheepdog
468,468,"Pointer,-German-Shorthaired"
469,469,Nova-Scotia-Duck-Tolling-Retriever
470,470,Plott
471,471,"Collie,-Rough-Coat"
472,472,Lancashire-Heeler
473,473,Schipperke
474,474,"Dachshund,-Wirehaired,-Miniature"
475,475,Cardigan-Welsh-Corgi
476,476,Russell-Terrier
477,477,West-Highland-White-Terrier
478,478,"Coonhound,-Treeing-Walker"
479,479,Samoyed
480,480,Australian-Silky-Terrier
481,481,English-Cocker-Spaniel
482,482,"Pointer,-German-Wirehaired"
483,483,Cockapoo
484,484,"Jindo-Dog,-Korea"
485,485,"Mastiff,-French-(Dogue-de-Bordeaux)"
486,486,"Schnauzer,-Giant"
487,487,Eurasier
488,488,Saint-Bernard
489,489,Redbone-Coonhound
490,490,Pembroke-Welsh-Corgi
491,491,Coton-de-Tulear
492,492,Irish-Red-and-White-Setter
493,493,Alaskan-Malamute
494,494,Wirehaired-Pointing-Griffon
495,495,St.-Bernard
496,496,"Coonhound,-Black-and-Tan"
497,497,Briard
498,498,Akita
499,499,Pharaoh-Hound
500,500,American-Foxhound
501,501,Bullmastiff
502,502,German-Pinscher
503,503,Afghan-Hound
504,504,Black-and-Tan-Coonhound
505,505,Bluetick-Coonhound
506,506,Irish-Wolfhound
507,507,Affenpinscher
508,508,Great-Pyrenees
509,509,Dutch-Shepherd
510,510,"Coonhound,-Blue-Tick"
511,511,Chesapeake-Bay-Retriever
512,512,Soft-Coated-Wheaten-Terrier
513,513,Leonberger
514,514,Chinese-Shar-Pei
515,515,Jindo
516,516,Dogue-de-Bordeaux
517,517,Yorkshire-Terrier-Crossbreed
518,518,Spinone-Italiano
519,519,"Dachshund,-Wirehaired"
520,520,Kerry-Blue-Terrier
521,521,Brittany
522,522,Pomeranian-Crossbreed
523,523,Belgian-Tervuren
524,524,Keeshond
525,525,Flat-Coated-Retriever
526,526,German-Spitz
527,527,Lowchen
528,528,Chihuahua-Crossbreed
529,529,Irish-Setter
530,530,Smooth-Fox-Terrier
531,531,Norwegian-Elkhound
532,532,Polish-Lowland-Sheepdog
533,533,Puli
534,534,"Mastiff,-Neapolitan"
535,535,Terrier-Crossbreed
536,536,Welsh-Springer-Spaniel
537,537,Lakeland-Terrier
538,538,American-Leopard-Hound
539,539,Lagotto-Romagnolo
540,540,"Collie,-Bearded"
541,541,Maltese-Crossbreed
542,542,Perro-de-Presa-Canario
543,543,Belgian-Sheepdog
544,544,Portuguese-Sheepdog
545,545,Shih-Tzu-Crossbreed
546,546,Bedlington-Terrier
547,547,Bolognese
548,548,Karelian-Bear-Dog
549,549,Clumber-Spaniel
550,550,Miniature-Bull-Terrier
551,551,Mudi
552,552,Giant-Schnauzer
553,553,Bearded-Collie
554,554,Biewer-Terrier
555,555,Poodle-Crossbreed
556,556,Airedale-Terrier
557,557,Skye-Terrier
558,558,Border-Collie-Crossbreed
559,559,Entlebucher-Mountain-Dog
560,560,English-Toy-Spaniel
561,561,Thai-Ridgeback
562,562,Maltipoo
563,563,Borzoi
564,564,Fila-Brasileiro
565,565,Curly-Coated-Retriever
566,566,Morkie
567,567,Greater-Swiss-Mountain-Dog
568,568,Glen-of-Imaal-Terrier
569,569,English-Foxhound
570,570,Tibetan-Mastiff
571,571,American-Bully
572,572,Rottweiler-Crossbreed
573,573,Dachshund-Crossbreed
574,574,Pharoh-hound
575,575,Treeing-Walker-Coonhound
576,576,Harrier
577,577,Canaan-Dog
578,578,Schnauzer-Crossbreed
579,579,Goldendoodle
580,580,Kai-Ken
581,581,Finnish-Spitz
582,582,Scottish-Deerhound
583,583,Treeing-Tennessee-Brindle
584,584,"Mastiff,-Tibetan"
585,585,Dogo-Argentino
586,586,Saluki
587,587,Gordon-Setter
588,588,Peruvian-Inca-Orchid
589,589,Dandie-Dinmont-Terrier
590,590,Small-Munsterlander-Pointer
591,591,Belgian-Griffon
592,592,German-Longhaired-Pointer
593,593,Polish-Hound
594,594,Hovawart
595,595,American-Hairless-Terrier
596,596,Boykin-Spaniel
597,597,Cesky-Terrier
598,598,Otterhound
599,599,Boerboel
600,600,Ibizan-Hound
601,601,Chinook
602,602,Sussex-Spaniel
603,603,Bracco-Italiano
604,604,Russian-Wolfhound
605,605,Boxer-Crossbreed
606,606,Siberian-Husky-Crossbreed
607,607,Kromfohrlander
608,608,Cocker-Spaniel-Crossbreed
609,609,Pug-Crossbreed
610,610,Russian-Toy
611,611,Spanish-Water-Dog
612,612,American-Water-Spaniel
613,613,Cirneco-dell
614,614,Pyrenean-Shepherd
615,615,"Bull-Dog,-American"
616,616,Berger-Picard
617,617,Wirehaired-Vizsla
618,618,Kuvasz
619,619,Black-Russian-Terrier
620,620,Norwegian-Buhund
621,621,Barbet
622,622,Pembroke-Welsh-Corgi-Crossbreed
623,623,"Schnauzer,-Miniature-Crossbreed"
624,624,Bichon-Frise-Crossbreed
625,625,Pumi
626,626,Grand-Basset-Griffon-Vendeen
627,627,Miniature-Fox-Terrier
628,628,Japanese-Spitz
629,629,Jack-Russell-Terrier-Crossbreed
630,630,French-Spaniel
631,631,Bloodhound-Crossbreed
632,632,Shiba-Inu-Crossbreed
633,633,Hamiltonstovare
634,634,Rat-Terrier-Crossbreed
635,635,Afghan-Hound-Crossbreed
636,636,Finnish-Lapphund
637,637,Swedish-Vallhund
638,638,Neapolitan-Mastiff
639,639,Icelandic-Sheepdog
640,640,Brussels-Griffon-Crossbreed
641,641,Belgian-Laekenois
642,642,Estrela-Mountain-Dog
643,643,Pomsky
644,644,Miniature-Australian-Shepherd
645,645,Beauceron
646,646,Jagdterrier
647,647,Shepard-Crossbreed
648,648,Azawakh
649,649,Mountain-Feist
650,650,English-Setter-Crossbreed
651,651,Baladi
652,652,Tosa
653,653,Stabyhoun
654,654,Basset-Hound-Crossbreed
655,655,Dalmatian-Mix
656,656,"Coonhound,-Redbone"
657,657,Irish-Water-Spaniel
658,658,Patterdale-Terrier
659,659,Kishu-Ken
660,660,Swedish-Lapphund
661,661,Greek-Shephard
662,662,Alaskan-Klee-kai
663,663,Olde-English-Bulldogge
664,664,Tornjak
665,665,Not-Provided
666,666,CAVACHON
667,667,SHAR-PEI
668,668,Terrier-X
669,669,Zuchon
670,670,Giant-Schnoodle
671,671,COCKAPOO
672,672,AM-STAFFORD-TERRIER-MIX
673,673,MIXED-HOUND
674,674,English-Golden-Doodle
675,675,TOY-AUSTRALIAN-SHEPHERD
676,676,Mixed-Breed
677,677,SHIHPOO
678,678,Husky-Mixed
679,679,TEDDY-BEAR
680,680,MALTI-ZU
681,681,Mi-Ki
682,682,Terrier-mixed
683,683,Basset/Beagle-Mix
684,684,TERRIER-X
685,685,MINI-PINSCHER
686,686,HOUND-MIXED
687,687,Red-Nose-Pit-Bull
688,688,CAVAPOO
689,689,MINI-DACHSHUND
690,690,Welsh--Springer-Spaniel
691,691,Cattle-Dog---Blue-Healer
692,692,Labrador--Pointer-Mixed
693,693,"shepherd,-terrier,-mastiff-mix"
694,694,Blue-Merle-Sheltie
695,695,Yellow-Labrador
696,696,Norkie
697,697,Unknown-(stray)
698,698,COCKER-POO
699,699,boerboel
700,700,morkie
701,701,Terrier-and-Chihuahua-mix-maybe
702,702,MORKIE
703,703,American-Bulldog
704,704,Yorkie-Poo
705,705,Pyrenees-Poodle-Mix
706,706,Black-Lab-mix
707,707,yorkiepoo
708,708,Crossbreed
709,709,ALASKAN-KLEE-KAI
710,710,Australian-Shepherd-Mix
711,711,Chorkie
712,712,HOUND-MIX
713,713,UNKNOWN-BREED?
714,714,rat-terrier
715,715,miniature-poodle-/-cocker-spaniel
716,716,Wheaton-Mix
717,717,PIT-BULL-MIX
718,718,Doxie
719,719,Chow-Chow-Mix
720,720,YORKIE/CHIHUAHUA
721,721,Labrador---Pit-Bull-Mix
722,722,Schnauzer-Mix
723,723,HAVAPOO
724,724,Hound-mix
725,725,Toy-Australian-Shepherd
726,726,SHIH-POO
727,727,Labrador-Retrieve-Mix
728,728,Mini-Dachshund
729,729,BL-NS-PIT-BULL
730,730,Cock-A-Poo
731,731,ENGLISH-COCKER-SPANIEL
732,732,AM-STAFF-TER-X
733,733,YORKIE-SHIH-TZU
734,734,S.C.WHEATEN-TER
735,735,MALTEPOO
736,736,SHEPARD-MIX
737,737,Bull-Dog/Sher-pei-Mixed
738,738,TERRIER-MIX
739,739,AM-TERRIER
740,740,POOCHON
741,741,MUTT
742,742,Havanese/Chihuahua
743,743,Jack-Russell-Terrier--Chihuahua-Mix
744,744,Shorkie
745,745,Collie-Shepherd-Mix
746,746,Shih-tzo-mix
747,747,Chow-Chow-X
748,748,pit-bull-mix
749,749,dachshund-mix
750,750,UNKNOWN
751,751,Boston-Terrier-Beagle
752,752,Miniature-Pin-Mix
753,753,Boston-Terrier-Mix
754,754,PIT-BULL-X
755,755,CHIHUAHUA-MIX
756,756,unknown
757,757,Cocker-Pug
758,758,Terrier-/-Hound
759,759,Mini-Shepherd-X
760,760,AMERICAN-BULLDOG
761,761,ENGLISH-MASTIFF
762,762,canine
763,763,Mini-Pinscher-Mixed
764,764,Beagle/Hound-Mix
765,765,YORKI-POO
766,766,"rabies,bordetella"
767,767,MANCHESTER-TERRIER
768,768,Peekapoo
769,769,COTON-DE-TULEAR
770,770,SHIMALT
771,771,Havenese-Poodle
772,772,Bichon-Poodle
773,773,SHORKIE
774,774,Malchi
775,775,YORKIE-BICHON
776,776,Rat-Terrier-X
777,777,Cigi
778,778,BRINDLE-PIT-BULL
779,779,Malagasssy-coton-du-tulear
780,780,HUSKY-MIX
781,781,LAB/CHOW-CHOW
782,782,cockapoo
783,783,"Vizsla,-mini-pin"
784,784,Malti-Poo
785,785,CAV-KING-C.SPAN
786,786,Hound-Cattle-Dog
787,787,Shysuu-Poodle-Mini
788,788,Chi-wee-nie
789,789,PAPILLION-X
790,790,Westie-Poodle
791,791,WHOODLE
792,792,Peke-A-Pom
793,793,Rat-Terrier---X
794,794,Chocolate-Labrador-Retriever
795,795,YORKIE-POO
796,796,Catahoula
797,797,LAB-RETRIEVER-MIX
798,798,BOXER-MIX
799,799,BERNSES-MOUNT-DOG-MIX
800,800,TOY-POODLE
801,801,Irish-Weaton
802,802,Glen-Of-Imaal-Terrier
803,803,chi-spaniel
804,804,Labrador--Mixed
805,805,Shih-Tzu-X
806,806,Ori-Pei
807,807,Lab-Bord-Collie-X
808,808,Teddy-Bear
809,809,shepard-mix
810,810,CHI-POO
811,811,Hound-X
812,812,PIT-MIX
813,813,JACK-RUSS-MIX
814,814,CHISH-X
815,815,TIBETAN-TERRIER-MIX
816,816,YORKIE/SHIH-TZU
817,817,Mix-Poodle
818,818,Cattle-Dog-Mix
819,819,Sheltie-Mix
820,820,CHIHUAHUA-JACK-RUSSELL-TERRIER
821,821,MALTI-POO
822,822,GOLDEN-DOODLE
823,823,COCK-A-POO
824,824,Maltese-X
825,825,TERRIER--X
826,826,JACK-RUSSELL
827,827,POINTER-MIX
828,828,MALT---POO
829,829,Mi-KI
830,830,SHIBA-INU-X
831,831,shih-tzu-mix
832,832,TOY-FOX-TERRIER
833,833,Malsish
834,834,maltipoo
835,835,CAVA-POO
836,836,Terrier--Mixed
837,837,Louisiana-Catahoula-Leopard
838,838,Spaniel-Mix
839,839,welsh-terrier
840,840,PITBULL/MASTIFF-MIX
841,841,RAT-TERR-MIX
842,842,RAT-TERRIER-MIX
843,843,DACHSHUND---X
844,844,Mixed-breed
845,845,Pinscher-Mix
846,846,Shitzu-X
847,847,pit-bull
848,848,ENG-SPRINGER-SPANIEL
849,849,SCHNOODLE
850,850,HOUND-X
851,851,Poodle-/Cocker-Spaniel-Mix
852,852,Goldendoddle
853,853,Bull-Mastiff-Mix
854,854,TEACUP-MALTESE
855,855,JACK-RUSSELL--CROSS
856,856,JOY-FOX-TERRIER
857,857,W-HIGH-WT-TERR
858,858,RED-NOSE-PIT-BULL
859,859,Peek-A-Poo
860,860,Mixed-Terrier
861,861,Lab-Pointer-Hound
862,862,CHIH-POMER
863,863,ENG-COCKER-SPANIEL
864,864,Yorkie-Bichon
865,865,SHORKIE-TZU
866,866,LakelandTerrier
867,867,HUSKY/KELPIE
868,868,Schnoodle
869,869,Carolina-Dog
870,870,Viszla-Mix
871,871,HAVACOV
872,872,Amer.Eskimo-Dog-Mix
873,873,SHIHTZU-A-POO
874,874,PEKA-POO
875,875,Beagle/English-Bull-Dog
876,876,Westie
877,877,SHORKY
878,878,GoldenDoodle
879,879,CHIH/POO
880,880,Golden-Doodle
881,881,Chihuahua--Mix
882,882,Jack-Russell-Terrier-Mix
883,883,BL-NOSE-PIT-BULL
884,884,Great-Swiss-Mountain-Dog
885,885,MINI-AUST-SHEP
886,886,chihuahua-yorkie
887,887,Labra-Doodle
888,888,Shepard-Mix
889,889,BICHON-POO
890,890,Toy-Austrialian-Shepherd
891,891,RAT-TERRIER
892,892,SHIHMALT
893,893,Lhaso-Apso-Mix
894,894,Jack-Russell-Terrier/Puggle
895,895,Bull-Dog-/-Beagle
896,896,PARSON-RUSSELL-TERR
897,897,Fox-Hound-Mix
898,898,Berger-Pichard
899,899,Shotzy-Mix
900,900,TOY-POODLE-MIX
901,901,MALTESE/POODLE
902,902,MALTIPOO
903,903,whoodle
904,904,Miniature-Dacshund
905,905,BRUSSEL-GRIFFON
906,906,WHIPPET-MIX
907,907,LHASA-APSO-MIX
908,908,SILKY-POO
909,909,PORTUGESE-W.DOG
910,910,YORKIDOODLE
911,911,Maltese/-Shih-Tzu-Mix
912,912,Toy-Aussie
913,913,westie-terrier-schnauser-mix
914,914,Australian-Labradoodle
915,915,HAVANESE-MIX
916,916,Havanese/Maltese
917,917,chow-mix
918,918,Yorkie-Mixed
919,919,Golden-Retiever-Mix
920,920,cock-a-poo
921,921,AUST-CTTLE-DG-X
922,922,Stafford-Shire-mix
923,923,Cockalier
924,924,Pit-Bull--Mix
925,925,mixed-breed
926,926,GSD-TERRIER
927,927,Beagle--Chow--Shepherd-Mix
928,928,spaniel-mix
929,929,WELSH-SPRINGER-SPANIEL
930,930,Plott-Hound-Mix
931,931,JACK-RUSS-TERRI
932,932,terrier-daschund-mix
933,933,TOY-SCHNAUZER
934,934,Staffordshire-Terrier-Mix
935,935,CORKY-MIX
936,936,POODLE/MALTESE
937,937,SHINESE
938,938,boggle
939,939,Pomeranian---Poodle-Mix
940,940,corg-mix
941,941,LHASA-POO
942,942,"Pembroke-Welsh-Corgi,-Dachshund,-Spaniel-Mix"
943,943,RUSSKIY-TOY-SMOOTHHAIRED
944,944,ITAL-GREYHOUND-MIX
945,945,Huckapoo
946,946,MALSHIPOO
947,947,Mutt
948,948,Shichon
949,949,French-Beagle
950,950,JACK-RUSSEL--&-TOY-FOX-TERR
951,951,COOCKER-POO
952,952,chih/dach-mix
953,953,yorkie-poodle
954,954,"rotweiller,-german-shepard"
955,955,American-Bull-Dog
956,956,schnoodle
957,957,BREED?
958,958,HavaChon
959,959,BEAGLE----X
960,960,FOX-TERRIER-X
961,961,Lhasa-Poo
962,962,FEIST-MIX
963,963,CHIHUAHUA-TERRIER
964,964,MALTESE-SHIHTZU
965,965,Miniature-Dachshund
966,966,Boxer-Chow-Lab-Mix
967,967,GOLDENDOODLE
968,968,MALTI-SHI
969,969,Peek--A-Poo
970,970,BRITISH-LAB
971,971,MASTIFF-X
972,972,pointer-mix
973,973,staffordshire-Terrier-mix
974,974,YORKSHIRE-TERRI
975,975,Miniature-Pincher-Mix
976,976,Retreiver-X
977,977,Chihuahua-Mixed
978,978,Sheltie-Poo
979,979,retriever-mix
980,980,KOOIKERHONDJE
981,981,FRENCHIE
982,982,POINTER-X
983,983,Breed-Information-Not-Provided.
984,984,Aust.Shepherd-Mix
985,985,Part-Golden-Retriever
986,986,DUTCH-SHEPHERD-MIX
987,987,DOBERMAN
988,988,BASENJI/TERR-X
989,989,Chiuaua-Pug-mix
990,990,Yellow-Lab-Mix
991,991,LABRADOR/TERRIER
992,992,Pekingese---Maltese-Mix
993,993,Border-Collie-Shepherd-Mix
994,994,AUS.CATTLEDOG-X
995,995,IBIZAN-HOUND
996,996,HUSKY-X-LAB
997,997,HAVADOODLE
998,998,Shih-tzu-mix
999,999,AUSSIE-DOXI---X
1000,1000,Cocker-Poo
1001,1001,YORKIE/WESTY---X
1002,1002,BASSETT-TERRIER-MIX
1003,1003,chihuahua/mini-pinscher
1004,1004,Basenji-Mix
1005,1005,Chinese-Crested-Powder-Puff
1006,1006,Askal
1007,1007,SHIFFON
1008,1008,Miniature-Schnauzer/Silky-Terrier
1009,1009,SPANISH-WT.DOG
1010,1010,BEAGLE-MIX
1011,1011,SHICON
1012,1012,LABRADOR-RETRIEVER-MIX
1013,1013,Mix-Hound
1014,1014,Lhasa-Apso-Mix
1015,1015,GERMAN-SHEPHERD
1016,1016,ENGLISH-SPRINGER-SPANIEL
1017,1017,MINIATURE-BULL-DOG
1018,1018,Rat-Terrier-Mix
1019,1019,Mahshih
1020,1020,Lhasa-Apso/Poodle
1021,1021,CHOW-CHOW-X
1022,1022,LHASA-BIJON
1023,1023,BRUSS-GRIFFON-X
1024,1024,DACHS/SHIH-TZU
1025,1025,Poddle&Maltese-Mix
1026,1026,Red-Tick-Coonhound
1027,1027,Multi-Poo
1028,1028,BULL-DOG-MIX
1029,1029,Yorkie/-Maltese
1030,1030,Snoodle
1031,1031,Collie-mix
1032,1032,Lab-terr-x
1033,1033,shep/doxie
1034,1034,english-mastiff
1035,1035,retriver-mixed
1036,1036,ENGLISH-SHEPHER
1037,1037,Coton
1038,1038,Doxen/-Petit-Basset-Griffon-Vendeen
1039,1039,COLLIE-RETRIEVER-MIX
1040,1040,lab-terr-mix
1041,1041,BEARDED-COLLIE-MIX
1042,1042,TOY-MALTESE
1043,1043,BOSTON-TERR-MIX
1044,1044,BICHON-MIX
1045,1045,Yorkie/Terrier/Bichon
1046,1046,MINIATURE-SCHNAUZER
1047,1047,CROSS-BREED
1048,1048,Mini-Australian-Shepherd
1049,1049,Yorkie-Poo-Mix
1050,1050,Soft-Coat-Weaton-Terrier
1051,1051,SHIHTZ/POODLE-X
1052,1052,SOFTC-WHEAT-TER
1053,1053,YORKIESHIRE-MALTESE
1054,1054,Poodle-X
1055,1055,ENGLISH-PUG
1056,1056,BLUE-NOSE-PIT-BULL-TERR
1057,1057,shih-poo
1058,1058,Yellow-Lab
1059,1059,cavapoo
1060,1060,MALTESE/CAV-KIN
1061,1061,YORKIEPOO
1062,1062,Corgi-or-Jack-Russell-mixed-with-Black-Lab and Pit
1063,1063,Other
1064,1064,CHIHUAHUA-X
1065,1065,Border-Collie-Black-Labrador-Retriever-Mix
1066,1066,BRAUZER
1067,1067,Slorky
1068,1068,ori-pei
1069,1069,Chihuahua-/Poodle
1070,1070,mostly-labrador-retriever
1071,1071,POTCAKE
1072,1072,MALTE-POO
1073,1073,Jack-Russell-&-Fox-Terrier
1074,1074,Husky-Mix
1075,1075,WESTMINSTER-TER
1076,1076,6152012
1077,1077,YORKIE/SHIH-TZU-MIX
1078,1078,Puggle-(Pug-Mix)
1079,1079,Yorki-poodle
1080,1080,AUST.CATTLE-DOG
1081,1081,YORKIE-POO-GREZLEY
1082,1082,Mini-Labra-Doodle
1083,1083,Bull-Dog-Mix
1084,1084,Pekingese-Mix
1085,1085,Bugg
1086,1086,Mixed-Chow
1087,1087,wire-haired-terrier
1088,1088,Shit-zu-mix
1089,1089,Golden-Retriever-Mix
1090,1090,BERGAMASCO
1091,1091,AUSTRALIAN-LABRADOODLE
1092,1092,Jack-Russ-Terr-Mix
1093,1093,Boxer-Lab-X
1094,1094,Canaan
1095,1095,Possibly-a-Parson-Russell-Terrier-mixed-with-Chiwa
1096,1096,Husky-and-Akita-Mix
1097,1097,Taiwan-Mountain
1098,1098,peke-a-poo
1099,1099,Cavachon
1100,1100,Caroline-Dog
1101,1101,Aussie-Cattle-Dog-Heeler
1102,1102,IRISH-JACK-RUSS
1103,1103,Yorkshire/Maltese
1104,1104,MINI-GOLDEN-DOODLE
1105,1105,Border-Collie-X
1106,1106,BEARDED-COLLIE
1107,1107,ZUCHON
1108,1108,CATTLE-DOG-MIX
1109,1109,ITALIAN-SPINONE
1110,1110,BLACK-LAB-MULTI
1111,1111,French-Poodle
1112,1112,MAERICAN-STAFFORDSHIRE-MIX
1113,1113,Long-Hair-Chihuahua
1114,1114,CATAHOULA-LEOPARD-CUR
1115,1115,TEACUP-POODLE
1116,1116,Pomeranian-Mix
1117,1117,Cocker-Spaniel/Miniature-Poodle
1118,1118,Westi-Poo
1119,1119,Shipa
1120,1120,PEAGLE
1121,1121,Shih-Tzu/Papillion
1122,1122,Lab-Chow-Newfie-Mix
1123,1123,terr-mix
1124,1124,Terrier-Mixed
1125,1125,bichon-poodle-mix
1126,1126,Feist-Mix
1127,1127,chih-mix
1128,1128,Bichon-Poo
1129,1129,CHIWEENIE
1130,1130,MINI-LABRADOODLE
1131,1131,FRENCH-POODLE
1132,1132,YORKIE-RAT-TERR
1133,1133,Matipoo
1134,1134,Morky
1135,1135,PIT-BULL-TERRIER
1136,1136,Lab-Bord-Collie
1137,1137,Pomapoo
1138,1138,Yorkshire-Terr.-Mix
1139,1139,Small-Munsterlander
1140,1140,MaltiPoo
1141,1141,AMERICAN-SPANIEL-MIX
1142,1142,CHIHUAHUA/PUG-MIX
1143,1143,GERMAN-SHEPHARD-ROTTWEILER
1144,1144,Schnauzer/Poodle
1145,1145,"SHIH-TZU,-POODLE"
1146,1146,JACK-RUSSELL-TERR-MIX
1147,1147,Whippet-Mix
1148,1148,collie--shepherd-mix
1149,1149,Hound-x
1150,1150,chih-jack-russ
1151,1151,Chintese
1152,1152,Lhasa-Apso---Poodle-Mix
1153,1153,TERRIER-MX
1154,1154,Aierdale-Terrier
1155,1155,Labrador-Retriever-Border-Collie-Mix
1156,1156,YORKIE-TERR-MIX
1157,1157,unknown-mix
1158,1158,SILKY-TERRIER-X
1159,1159,Cavapoo
1160,1160,mixed
1161,1161,pekopoo
1162,1162,NO-IDEA
1163,1163,Cocoer-poo
1164,1164,Pit-Bull/Mastiff
1165,1165,Corgi-Rat-Terrier
1166,1166,Yorkshire-Terrier-Mix
1167,1167,Mini-Pin-Mixed
1168,1168,HAVA-POO
1169,1169,hound-cattle-dog
1170,1170,SCHNOODLE-X
1171,1171,Shih-Chon
1172,1172,Catahoula-Lab-mix
1173,1173,Rescued.-Beagle/shih-tzu
1174,1174,Boston-Terrier-/-Lhasa-Apso
1175,1175,Havanese/Coton-Detulear
1176,1176,SHEPHERD--MIX
1177,1177,hound-mix
1178,1178,TERRIER---X
1179,1179,Chihuahua-X
1180,1180,Australian-Shepard-mix?
1181,1181,AKITA-MIX
1182,1182,CHIH-TERR
1183,1183,TERRIER-BOXER-MIX
1184,1184,Wheaton-Terrier-Mix
1185,1185,CHI/DOXEN
1186,1186,beagle-mix
1187,1187,lab-mix
1188,1188,Mini-Pinscher/Chihuahua-Mix
1189,1189,engish-pointer
1190,1190,Jack-Russell-Terr-Mix
1191,1191,Husky-Malamute
1192,1192,hunting-dog/rescue
1193,1193,PEAKAPOO
1194,1194,Whippet-Labrador-Mix
1195,1195,Parsons-Russell-Terrier-mix
1196,1196,Yorki-tzu
1197,1197,AM-ESKIMO-/-MALTESE
1198,1198,Yorkshire-Terrier-Toy
1199,1199,Yorky
1200,1200,lab-Terr-mix
1201,1201,Pit-Bull-Mastiff
1202,1202,MALTAPOO
1203,1203,YORKIE-POODLE
1204,1204,Havapeke
1205,1205,Shep-Mix
1206,1206,coonhound-mix
1207,1207,Havapoo
1208,1208,PIT-BULL-TERR-MIX
1209,1209,Toy-Manchester-Terrier
1210,1210,pitbull-mix
1211,1211,CavaChon
1212,1212,LAB-GOLD-RET-CROSS
1213,1213,SHIH-TZU-POODLE-MIX
1214,1214,BOSTON-BULLDOG
1215,1215,Italian/Sicilian-hound
1216,1216,JACK-RUS-CHIHUA
1217,1217,WELSH-TERRIER
1218,1218,CHOW-MIX
1219,1219,Blue-Heeler-/-Schnauser
1220,1220,Labradoodle-Mini
1221,1221,Hound-Terrier-Mix
1222,1222,Papillion-Mix
1223,1223,Potcake
1224,1224,airedale-terrier
1225,1225,English-Pointer
1226,1226,Fox-Terrier-Mix
1227,1227,Shih-Tzu--Mix
1228,1228,CHIHUAHUA-TERRIER-MIX
1229,1229,labrador-retriever-hound-mix
1230,1230,Terrier--X
1231,1231,GERMAN-SHEPHERD-MIX
1232,1232,Aust-Heller-Mix
1233,1233,LAB-RETRIEVER---MIX
1234,1234,POMERANIAN-MIX
1235,1235,English-Pointer-Mix
1236,1236,toy-aussie
1237,1237,mutt
1238,1238,COLLIE/SHEPHERD-MIX
1239,1239,Pit-Ter-Lab
1240,1240,Hungarian-Puli
1241,1241,Jack-Russell-/-Mini-Aussie-Mix
1242,1242,CATTLEDOG-MIXED
1243,1243,AFFENPINSCHER
1244,1244,america-eskimo-and-poodle
1245,1245,pug-bijon
1246,1246,Poodle/Italian-Greyhound
1247,1247,Malkie
1248,1248,Spinone
1249,1249,Shih-Tzu-/-Terrier-mix
1250,1250,Lab-mix
1251,1251,AMERICAN-STAFFORDSHIE
1252,1252,MULTI
1253,1253,TREEING-WALKER-COONHOUND
1254,1254,Shihchon
1255,1255,OLDE-ENGLISH-BULL-DOG
1256,1256,Shih-Tzu-mix
1257,1257,Dachshund-Scottie
1258,1258,Chihuahua/Greyhound
1259,1259,AUSTRALIAN-SHEP
1260,1260,Spitz-Mix
1261,1261,LHASA-APSO/SHIH
1262,1262,Welsh-Corgi-Mix
1263,1263,Pekapoo
1264,1264,RUSSEL
1265,1265,SHIHCHON
1266,1266,Poo-Chon
1267,1267,LG-HR-CHIHUAHUA
1268,1268,Shih-Tzu---Brussels-Griffon
1269,1269,MIX-TERRIER
1270,1270,jack-russel-terrier-mix
1271,1271,STANDARD-POODLE
1272,1272,BICHON-POODLE
1273,1273,Manchester-Shepherd-Mix
1274,1274,patterdale-mix-terrier
1275,1275,Maltepoo
1276,1276,PINSCHER-CHIH
1277,1277,Lhasa-Apso-Miix
1278,1278,SCHNAUZER-POODLE
1279,1279,cokaspinial-poodle
1280,1280,boston-terrier/french-bulldog
1281,1281,Carolina-mix
1282,1282,Beagle/Terrier-Mix
1283,1283,HAVACHON
1284,1284,GOLDEN-RETRIEVER-MIX
1285,1285,ENGLISH-BULL-TERRIER
1286,1286,COCKA-POO
1287,1287,Mini-Bull-Terrier
1288,1288,AMER-PIT-BULL-TERR-MIX
1289,1289,austrian-hunting
1290,1290,AM-PIT-BULL-MIX
1291,1291,mutt-from-shelter.--looks-like-border-collie
1292,1292,AMERICAN-PIT-BULL
1293,1293,PEK-A-TESE
1294,1294,Shorky
1295,1295,KING-CH-BICHON
1296,1296,PETERSBURG-ORCHID
1297,1297,SHEEP-DOG
1298,1298,Border-Collie-Ausie-Shep-X
1299,1299,Hound-Mixed
1300,1300,beagle/mix
1301,1301,Shepherd-Mis
1302,1302,CHIHUAHUA/YORKIE-MIX
1303,1303,Small-Fox-Terrier
1304,1304,Poemranan-Mix
1305,1305,Pomtese
1306,1306,Pug/Chihuahua
1307,1307,DOXIE-CHIHUAHUA
1308,1308,Staffordshire-Ibizian-Hound
1309,1309,DOGO-ARGENTINO
1310,1310,collie
1311,1311,Mini-Pinscher/-Chihuahua-Mix
1312,1312,Podengo-Pequeno
1313,1313,HUSKY-GOLDEN-RETRIEVER-MIX
1314,1314,Lab-Golden-Mix
1315,1315,Maltese/Terrier/Poodle-Mix
1316,1316,American-Staffordshire-Terrier-X
1317,1317,CHOW-CHOW-MIX
1318,1318,Poodle/Yorkie
1319,1319,Nova-Scotia-Toller
1320,1320,Bernedoodle
1321,1321,Beagle/Rat-Terrier
1322,1322,pit
1323,1323,Shihtese
1324,1324,REd-Pit-Mix
1325,1325,ROYAL-BAH-POTCA
1326,1326,Terr-Mix
1327,1327,Poodle/ShihTzu
1328,1328,CHINESE-CRESTED
1329,1329,Rat-terrier-mix
1330,1330,sharpei-beagle
1331,1331,Bichon-Frise-Mix
1332,1332,Harrier-Mix
1333,1333,BEA/-GOLD/-RET-MIX
1334,1334,chi-Yorkie
1335,1335,BEAGLE-JACK-RUSSELL
1336,1336,MINI-PIN-MIX
1337,1337,GERMAN-SHORTHAIRED-POINTER
1338,1338,WELSH-CORGI---X
1339,1339,SHIH-TZU-X
1340,1340,Pomerian-Mix
1341,1341,chiweenie
1342,1342,X-golden-wolf-hound
1343,1343,COCA-POO
1344,1344,PITBULL-BULLDOG
1345,1345,Maltpoo
1346,1346,Red-nose-pit-bull-terrier
1347,1347,Poodle/Pompoo
1348,1348,DACHSHUND-MIX
1349,1349,hound-beagle
1350,1350,HOUND-TERRIER-MIX
1351,1351,Fox-Hound
1352,1352,Chih-Mix
1353,1353,Blue-Nose-Pitbull
1354,1354,Mini-Aust.Shepherd
1355,1355,WHEATON-TERRIER-MIX
1356,1356,Peagle
1357,1357,Cav-KC
1358,1358,Goldendoole
1359,1359,Lhatese
1360,1360,LAB/CORGI-X
1361,1361,Taiwan-Mountain-Dog
1362,1362,LAB-WEIMARNER
1363,1363,BRITTANY---X
1364,1364,Beagle-Pei
1365,1365,Dalhsund-Maltese-terrier-mix
1366,1366,MINI-BULLDOG
1367,1367,DACHSHUN/CHIHUA
1368,1368,POODLE/WESTIE
1369,1369,BORDER-COLLIE-X
1370,1370,Polanese
1371,1371,BORDER-TERRIER
1372,1372,Shepherd--X
1373,1373,Unknown-Hound-mix
1374,1374,chihuahua/terrier-mix
1375,1375,Blackmouthcur
1376,1376,SHELTIE-SHEP-MIX
1377,1377,PIT-BULL--MIX
1378,1378,Sheltie/Jack-Russ-Mix
1379,1379,Beagle/Fr.Bull-Dog
1380,1380,Maltese-Terrier-Mix
1381,1381,PIT-BULL/LAB-MIX
1382,1382,Lab-Mutt-Mix
1383,1383,WIRE-FOX-TERR-MIX
1384,1384,Yorki-Poo
1385,1385,australian-labradoodle
1386,1386,Shepherd-Pintzer
1387,1387,Spanador
1388,1388,BEARDED-COLLIE--X
1389,1389,Pomeranian-mix
1390,1390,papitese
1391,1391,Hound-Mastiff
1392,1392,Spitz
1393,1393,Walker-Hound
1394,1394,POODLE-MIXED
1395,1395,Springer-Spaniel
1396,1396,Pit-Mix
1397,1397,MINI-DOBERMAN
1398,1398,Havashire
1399,1399,Mini-Golden-Doodle
1400,1400,HUSKY-GER-SHEP-HOUND
1401,1401,MIX-BORDER-COLLIE--HUSKY-SHEPHERD
1402,1402,Jack-Russell-X
1403,1403,Maltese-Pomeranian
1404,1404,Pom-Chi
1405,1405,BORDER-COLLIE--X
1406,1406,Chihuahua--Mixed
1407,1407,Peke-A-Tese
1408,1408,Husky/Lab-Mix
1409,1409,COOCKAPOO
1410,1410,BULLDOG-MIX
1411,1411,maltese-westie-mix
1412,1412,PEKAPOO
1413,1413,Frend-Poo
1414,1414,schipperke-mix-rescue
1415,1415,YORKIE-POODLE-X
1416,1416,BIEWER-TERR
1417,1417,Dachshund/Chihuahua-Mix
1418,1418,MALT-POODLE
1419,1419,SPITZ-X
1420,1420,Yorkie-Poodle
1421,1421,SHIH-TUZ-&-POODLE-MIX
1422,1422,GOLDEN-RET-HUSKY-MIX
1423,1423,Shepherd/Boxer
1424,1424,Yorkie-Maltese
1425,1425,SHI-POO
1426,1426,PEAK-A-POO
1427,1427,MOUNTAIN-FEIST
1428,1428,German-pinscher
1429,1429,PARSON-RUSSELL-TERRIER
1430,1430,Golden-doodle
1431,1431,Pomeranian-Maltese
1432,1432,Great-Dane-Mix
1433,1433,SCHNAUZER-X
1434,1434,Shih-Malt
1435,1435,Cava-poo
1436,1436,YORKIE-TERRIER-MIX
1437,1437,Beagle-Mixed
1438,1438,Schanuzer/Yorkie
1439,1439,FLAT-COATED-RETRIEVER
1440,1440,chinese-crested
1441,1441,wheaton-mix
1442,1442,Tea-Cup-Poodle
1443,1443,White-Terrier
1444,1444,SHIHT-ZU-IMPERIAL
1445,1445,"Sapsal,-Korea"
1446,1446,AUST-SHEPHERD
1447,1447,Teacup-Yorkshire-Terrier
1448,1448,cockachon
1449,1449,YORKSHIRE-X
1450,1450,CAIRN-TERRIER-X
1451,1451,Red-Bone-Coon-Hound
1452,1452,Collie-Beared-Mix
1453,1453,CAVASHON
1454,1454,shepherd-mix
1455,1455,MALT-MIX
1456,1456,AM-STAFFORDSHIRE-TERR
1457,1457,Long-Haired-Chihuahua
1458,1458,Tiny-Goldendoodle
1459,1459,Havachon
1460,1460,zuchon
1461,1461,mix-breed
1462,1462,Chihuhahu/Dachshund-Mix
1463,1463,yorkie-poo
1464,1464,Shih-Poo-Mix
1465,1465,RAT-TERR
1466,1466,Rottweiler-Mix
1467,1467,Yorkshire-Poodle-Mix
1468,1468,Schnauzer/Terrier-Mix
1469,1469,German-Shepherd-Mix
1470,1470,Lab-retriver-+-pitt-bull
1471,1471,Dogo/Pitbull/Bulldog-mix
1472,1472,"Possibly-part-terrier,-part-Labrador-retriever"
1473,1473,TOY-AUSSIE
1474,1474,Westiepoo
1475,1475,Red-Poodle
1476,1476,LAB/SHEPHERD-X
1477,1477,CAVAZOO
1478,1478,COCKALIER
1479,1479,ITALIAN-GREYHOUND-TERR-MIX
1480,1480,Shepherd--Mix
1481,1481,TERR-DASH-MIX
1482,1482,LAB-AUSTRALIAN-SHEPHERD-MIX
1483,1483,Chihuahua-Short-Coat
1484,1484,SCHNOCKER
1485,1485,Airedale
1486,1486,COCKERPOO
1487,1487,Silky-Terrier-Mix
1488,1488,Maltese-Chihuahua-Mix
1489,1489,Smooth-Hair-Fox-Terrier
1490,1490,Shoorkie
1491,1491,Shih-Tzu/Bichon-Mix
1492,1492,Peke-A-Ppp
1493,1493,Lhasa-Mix
1494,1494,TERR-MIX
1495,1495,Jack-Russell-Terrier-X
1496,1496,ENG-SETTER
1497,1497,Laasa-Apso-mix
1498,1498,Husky/Labrador-Retriever
1499,1499,bichon/shihtzu
1500,1500,Chihuahua-mix
1501,1501,AM-PIT-BULL-TERRIER-MIX
1502,1502,PATTERDALE-TERRIER-MIX
1503,1503,YORKSHIRE-TERR-X
1504,1504,Dalmation/Terrier/Poodle
1505,1505,BOSTON-TERR---X
1506,1506,PODENAO-PORT
1507,1507,Breed-?
1508,1508,Sharpal---Rat-Terrier
1509,1509,Cur
1510,1510,Cock-a-poo
1511,1511,BRITTANY
1512,1512,Lab-mixed
1513,1513,manchester-terrier
1514,1514,pom-chi
1515,1515,Maltese-/-Yorkie-Mix---Morkie
1516,1516,SATO-X
1517,1517,Beagle/Dachshund-Mix
1518,1518,shepherd/terrier
1519,1519,BRITTANY-SPAN
1520,1520,SHEPHERD/ROTTIX
